<!-- Os comentarios devem ter espacos no inicio e no fim, a -->
<!-- separar dos hifens -->
<!-- Nao devem ser usados caracteres especiais (p.ex. acentos) -->
<!-- Todas as tags e atributos sao obrigatorios, exceto onde for -->
<!-- referido o contrario -->
<!-- Na descricao abaixo, os simbolos utilizados tem o seguinte significado: -->
    <!-- ii: integer value -->
    <!-- ff: float value -->
    <!-- ss: string value -->
    <!-- cc: character "x" or "y" or "z" -->
    <!-- tt: "0" or "1" with Boolean significance -->
<yas>
    <!-- deve definir-se um objeto para raiz da arvore, assim -->
    <!-- como o comprimento dos tres eixos (cilindros) -->
    <scene root="first" axis_length="5" />
    <views default="camera1" >
        <!-- tem de existir, pelo menos, uma vista de -->
        <!-- entre as seguintes (perspective ou ortho) -->
        <perspective id="camera1" near="0.1" far="500" angle="0.4">
            <from x="15" y="15" z="15" />
            <to x="0" y="0" z="0" />
        </perspective>
        <ortho id="camera2"  near="0" far="1"
                        left="ff" right="ff" top="ff" bottom="ff" />
    </views>
    <ambient>
        <ambient r="0.5" g="0.5" b="0.5" a="1.0" />
        <background r="0" g="0" b="0" a="1" />
    </ambient>
    <lights>
        <!-- Deve existir um ou mais blocos "omni" ou "spot" -->
        <!-- Os identificadores "id" nao podem ser repetidos -->
        <omni id="omni1" enabled="1" >
            <location x="1" y="0" z="1" w="1" />
            <ambient r="0.25" g="0.25" b="0.25" a="0" />
            <diffuse r="0.25" g="0.25" b="0.25" a="1" />
            <specular r="0.25" g="0.25" b="0.25" a="1" />
        </omni>
        <spot id="spot1" enabled="1" angle="0" exponent="1">
            <location x="10" y="10" z="10" w="0" />
            <target x="0" y="0" z="0" />
            <ambient r="0" g="0" b="0" a="1" />
            <diffuse r="0" g="0" b="0" a="1" />
            <specular r="0" g="0" b="0" a="1" />
        </spot>
    </lights>
    <textures>
        <!-- Deve existir um ou mais blocos "texture" -->
        <!-- Os identificadores "id" nao podem ser repetidos -->
        <texture id="ss" file="ss" />
    </textures>
    <materials>
        <!-- Deve existir um ou mais blocos "material" -->
        <!-- Os identificadores "id" nao podem ser repetidos -->
        <material id="ss" shininess = "ff" >
            <emission r="ff" g="ff" b="ff" a="ff" />
            <ambient r="ff" g="ff" b="ff" a="ff" />
            <diffuse r="ff" g="ff" b="ff" a="ff" />
            <specular r="ff" g="ff" b="ff" a="ff" />
        </material>
    </materials>
    <transformations>
        <!-- Deve existir um ou mais blocos "transformation" -->
        <!-- Os identificadores "id" nao podem ser repetidos -->
        <!-- Os angulos sao expressos em graus -->
        <transformation id="ss">
            <!-- instrucoes a usar sem limite nem ordem -->
            <!-- deve existir pelo menos uma transformacao -->
            <translate x="ff" y="ff" z="ff" />
            <rotate axis="cc" angle="ff" />
            <scale x="ff" y="ff" z="ff" />
      </transformation>
    </transformations>
    <primitives>
        <!-- Uma "primitive" e' uma primitiva e pode ser usada em nos folha -->
        <!-- Deve existir um ou mais blocos "primitive" -->
        <!-- Os identificadores "id" nao podem ser repetidos -->
        <!-- apenas pode existir UMA das seguintes tags: -->
            <!--    rectangle, triangle, cylinder, sphere, torus -->
            <!-- os parametros devem ser interpretados, genericamente, -->
            <!-- como em WebGL; o cilindro deve adicionalmente ter tampas -->
        <primitive id="rectangle">
            <rectangle x1="0" y1="0" x2="10" y2="5" />
        </primitive >
        <primitive id="triangle">
             <triangle  x1="0" y1="0" z1="0"
                        x2="2" y2="0" z2="0"
                        x3="1" y3="2" z3="0" /> 
        </primitive >
        <primitive id="cylinder">
            <cylinder base="4" top="4" height="5" slices="10" stacks="5" />
        </primitive >
        <primitive id="sphere">
            <sphere radius="1" slices="10" stacks="6" />
        </primitive >
        <primitive id="torus">
            <torus inner="0.5" outer="1" slices="4" loops="5" />
        </primitive >
    </primitives >
    <components>
        <component id="first">
            <!-- Uma "component" e' um objeto composto e pode ser -->
            <!--      usada em nos intermédios -->
            <!-- bloco "transformation" e' obrigatorio -->
            <transformation>
                <!-- deve conter uma referencia a uma das "transformation" -->
                <!-- declaradas anteriormente -->
                <transformationref id="ss" />
                <!-- ou, ALTERNATIVAMENTE, transformacoes explicitas, -->
                <!-- usando zero ou mais das instrucoes seguintes, sem -->
                <!--        limite nem ordem -->
                <!-- ex: bloco transformation pode ficar sem conteudo -->
                <translate x="ff" y="ff" z="ff" />
                <rotate axis="cc" angle="ff" />
                <scale x="ff" y="ff" z="ff" />
            </transformation>
            <!-- declaracao obrigatoria de pelo menos um material; -->
            <!-- o material id="inherit", mantem (herda) material do "pai" -->
            <!-- se varios materiais declarados, o default e' o -->
            <!-- primeiro material; de cada vez que se pressione a tecla m/M, -->
            <!-- o material muda para o proximo material da lista; do -->
            <!-- ultimo material da lista volta ao primeiro -->
            <materials>
                <material id="ss" />
            </materials>
            <!-- declaracao obrigatoria de texture -->
            <!-- id="inherit" mantem (herda) a textura do objecto "pai" -->
            <!-- id="none" remove a textura recebida do pai -->
            <!-- a textura declarada sobrepoe a textura recebida do -->
            <!-- objecto "pai" -->
            <!-- length_s e length_t sao fatores de escala de textura:-->
            <!-- Exemplo length_s=3.0: uma ocorrencia da textura, em -->
            <!-- comprimento, deve cobrir um comprimento igual -->
            <!-- a 3 unidades;  -->
            <!-- Exemplo length_t=0.4, uma ocorrencia da textura, em -->
            <!-- largura, deve cobrir uma largura igual a 0.4 unidades.  -->
            <!-- E' permitido que objetos afetados por Transf. Geometr. -->
             <!-- do tipo escalamento violem esta regra.        -->
            <!-- Nao e' necessario aplicar fatores de escala em  -->
            <!-- quadricas (esfera, cilindro...) -->
            <texture id="ss" length_s="ff" length_t="ff" />
            <!-- bloco "children" obrigatorio num "component" -->
            <children>
                    <!-- deve existir uma ou mais tags "componentref" e/ou -->
                    <!-- "primitiveref", identificando outros -->
                    <!-- componentes ou primitivas -->
                    <componentref id="ss" />
                    <primitiveref id="ss" />
             </children>
        </component>
    </components>
</yas>
